0,0,0,-,-,-,-
1,0,0,Jordon,Sherrie,20/6/1809,Surrey
2,0,0,Ebbs,Whitney,12/7/1792,Herefordshire
3,0,0,Rycroft,Jeremy,11/6/1756,Clwyd
4,0,0,Yeadon,Monotera,23/10/1682,East Riding of Yorkshire
5,0,0,Riseborough,Elijah,25/11/1697,Angus
6,0,0,Halford,Santo,7/4/1775,Dumfries
7,0,0,Kibblewhite,Nidia,12/7/1789,Cornwall
8,0,0,Devon,Filomena,27/4/1682,Clackmannan
9,0,0,Lendon,Tera,14/10/1672,Renfrewshire
10,0,0,Mccullough,Collette,30/10/1637,Greater Manchester
11,0,0,Adanet,Yasmine,13/2/1605,Kent
12,0,0,Forman,Clifton,11/9/1640,City of Dundee
13,0,0,Gould,Tamela,17/6/1747,Greater London
14,0,0,Bevan,Rozanne,18/4/1813,Dyfed
15,840,0,Elcock,Alonzo,17/10/1929,Greater London
16,0,0,Hand,Marlo,10/1/1742,County Tyrone
17,0,0,Jardine,Jamar,15/11/1781,Western Isles
18,0,0,Mcshane,Tiffanie,22/12/1692,Dorset
19,943,0,Jefferson,Elenora,24/4/1838,Cumbria
20,0,0,Nanson,Raul,12/4/1748,West Glamorgan
21,0,0,Hendry,Claud,8/2/1778,Tyne and Wear
22,0,0,Woodley,Anika,31/5/1723,Lancashire
23,0,0,Pugh,Hermelinda,9/7/1769,Greater Manchester
24,0,0,Stacey,Sheryll,4/10/1713,Cambridgeshire
25,0,0,Jackman,Claud,3/6/1717,South Yorkshire
26,0,0,Howarth,Margrett,13/6/1604,Shropshire
27,0,0,Mcgrory,Rosalind,26/6/1705,County Antrim
28,0,0,Easton,Delmer,3/11/1754,Gwent
29,0,0,Rycroft,Erasmo,19/10/1823,Berkshire
30,0,61,Elliott,Dionne,1/11/1782,Western Isles
31,0,0,Steere,Zack,8/2/1702,Leicestershire
32,0,0,Upton,Peter,15/1/1745,Caithness
33,0,0,Fearns,Monty,19/10/1772,Dorset
34,0,170,Rutherford,Magan,1/6/1705,Isle of Wight
35,0,0,Ingram,Joaquin,25/3/1951,Lanarkshire
36,0,0,Raymond,Chet,6/11/1736,Leicestershire
37,0,0,Sanderson,Shelton,12/9/1831,Warwickshire
38,0,320,Pole,Donnell,17/12/1696,South Glamorgan
39,0,0,Malley,Tiffanie,24/10/1960,City of Glasgow
40,0,376,Kemp,Marquetta,18/2/1950,Ayrshire and Arran
41,0,0,Dalby,Emery,7/7/1809,County Down
42,0,0,Jefferson,Mira,16/7/1835,Cambridgeshire
43,0,0,Close,Burt,26/7/1552,Somerset
44,0,0,Sherriff,Hyman,10/5/1767,Roxburgh Ettrick and Lauderdale
45,0,0,Freeman,Rosia,28/3/1753,Lancashire
46,0,0,Sweeting,Rolando,29/4/1561,Essex
47,0,0,Deighton,Anisha,29/5/1905,Angus
48,0,0,Halliwell,Halina,15/8/1599,Dyfed
49,0,0,Mcfadden,Tory,5/4/1740,County Armagh
50,0,0,Ryans,Gertrud,7/1/1771,Clwyd
51,0,0,Rudd,Starla,24/9/1454,East Lothian
52,0,0,Karne,Martin,5/3/1793,Herefordshire
53,0,0,Cracknell,Zola,1/2/1615,South Glamorgan
54,243,0,Bush,Zola,1/3/1866,Clwyd
55,0,0,Goldman,Jim,8/7/1634,Bristol
56,0,0,Wild,Erasmo,17/3/1588,Powys
57,0,0,Pinsmail,Erasmo,29/7/1861,Somerset
58,0,0,Moss,Rosamond,3/8/1710,North Yorkshire
59,0,0,Lewis,Jonas,10/5/1792,Argyll and Bute
60,0,0,Laverick,Kerri,4/7/1731,South Glamorgan
61,0,0,Raine,Shayna,10/9/1746,Kincardineshire
62,0,0,Yard,Emmett,22/11/1717,West Glamorgan
63,0,510,Peel,David,2/12/1814,Banffshire
64,859,0,Kibblewhite,Anika,12/5/1735,Oxfordshire
65,0,0,Perrins,Stacee,17/1/1708,Bedfordshire
66,0,0,Elliott,Daria,20/12/1880,Orkney
67,0,0,Stocker,Maritza,19/2/1853,Midlothian
68,842,0,Driver,Dionne,22/3/1763,County Fermanagh
69,0,0,Ridgwell,Ileen,4/1/1731,Berkshire
70,0,0,Prendergast,Salvatore,2/5/1830,County Antrim
71,0,0,Hough,Lucien,28/3/1523,East Lothian
72,0,0,Noyes,Faye,16/4/1723,Gwynedd
73,0,0,Rowlinson,Shelby,3/9/1767,South Glamorgan
74,0,0,Rootham,Joaquin,27/6/1689,Gwynedd
75,0,648,Johanson,Marcelle,20/1/1739,Western Isles
76,477,0,Southgate,Luana,28/6/1673,Ross and Cromarty
77,0,0,Dempsey,Essie,21/5/1768,Tyne and Wear
78,0,823,Snell,Carin,1/10/1679,Warwickshire
79,408,0,Dudley,Cinda,17/11/1741,County Fermanagh
80,0,0,Algar,Titus,23/1/1821,Argyll and Bute
81,818,0,Main,Robin,5/12/1698,Perth and Kinross
82,0,0,Malley,Lekisha,24/12/1954,Perth and Kinross
83,0,0,Altham,Kathryn,24/2/1659,Warwickshire
84,0,0,Ashworth,Dolores,28/3/2005,Clackmannan
85,0,0,Bevan,Rosario,26/3/1751,Midlothian
86,0,0,Montgomery,Priscilla,22/1/1851,Mid Glamorgan
87,0,0,Tombs,Yang,2/11/1975,Perth and Kinross
88,0,0,Yeatman,Claire,17/6/1876,Sutherland
89,0,0,Gonzalez,Lonny,26/9/1695,City of Dundee
90,0,0,Kinsella,Tiffany,14/1/1728,Shetland
91,0,0,Nelms,Rosa,27/5/1660,East Riding of Yorkshire
92,0,0,Kemp,Rosalind,15/5/1725,Nottinghamshire
93,0,0,Tempest,Charlie,23/11/1621,Angus
94,0,0,Lee,Louie,4/1/1610,Devon
95,0,0,Marsden,Yasmine,24/9/1890,City of Dundee
96,0,0,Elliott,Starla,27/9/1844,Devon
97,0,0,Nichols,Coralee,30/8/1659,Ayrshire and Arran
98,0,0,Farnum,Jamar,15/2/1477,Moray
99,0,0,Dubois,Tanner,27/4/1818,Cornwall
100,0,0,Rosser,Luis,19/11/2061,County Derry
101,0,0,Peigne,Tracy,26/4/1936,City of Glasgow
102,0,0,Routledge,Jospeh,27/3/1805,Cumbria
103,0,760,Painter,Maisie,3/3/1806,Dorset
104,0,0,Bevan,Fausto,1/4/1749,Inverness
105,0,0,Raine,Jacelyn,8/3/1755,Ross and Cromarty
106,0,0,Eglan,Elijah,3/9/1857,Aberdeenshire
107,0,0,Adey,Luana,17/12/1748,Leicestershire
108,0,0,Cracknell,Wilburn,7/6/1577,South Glamorgan
109,0,0,Eglin,Arden,27/9/1987,Moray
110,0,0,Williamson,Ezra,19/7/1685,City of Aberdeen
111,0,0,Jakeman,Milly,15/2/1592,Lanarkshire
112,153,0,Nightingale,Marisha,7/9/1893,Western Isles
113,0,0,Reid,Elvis,15/3/1610,Dyfed
114,0,0,Jenkin,Soledad,7/2/1751,City of Dundee
115,0,0,Pallett,Lakisha,31/3/1704,Greater Manchester
116,0,0,Virgo,Loris,4/8/1822,Lincolnshire
117,0,0,Templeton,Destiny,4/3/1774,Lancashire
118,0,0,Dempsey,Abdul,12/11/1767,Dunbartonshire
119,0,0,Kiely,Cesar,21/2/1678,West Lothian
120,572,0,Gunby,Florencia,19/9/1758,East Riding of Yorkshire
121,283,0,Rycroft,Louie,28/8/1799,Berkshire
122,0,957,Wakeham,Peggy,19/9/1838,Suffolk
123,0,0,Nanson,Domenic,2/8/1722,West Glamorgan
124,0,0,Torrance,Sixta,30/12/1741,Lincolnshire
125,0,0,Jems,Jerrell,13/9/1660,The Stewartry of Kirkcudbright
126,0,0,Hand,Margrett,25/4/1740,Mid Glamorgan
127,0,0,Kirkman,Merlin,8/9/1817,Clwyd
128,301,0,Jonhson,Jeremy,10/8/1813,Worcestershire
129,0,0,Doran,Santo,17/10/1876,County Fermanagh
130,0,0,Lockie,Reyes,30/3/1819,Berkshire
131,0,0,Ulyatt,Marguerita,1/12/1458,Berwickshire
132,0,0,Pugh,Pedro,18/4/1845,Berwickshire
133,224,0,Nair,Abdul,8/6/1779,Roxburgh Ettrick and Lauderdale
134,0,0,Hough,Leland,23/9/1443,Merseyside
135,0,0,Weeks,Tera,28/6/1818,Ross and Cromarty
136,0,0,Eaves,Deedra,12/9/1675,West Glamorgan
137,0,0,Hurley,Zachery,15/2/1797,County Antrim
138,0,750,Bowman,Saundra,14/11/1808,Western Isles
139,626,0,Hood,Loma,12/2/1587,Moray
140,0,0,Mistry,Burt,21/6/1816,Gwynedd
141,0,0,Thatcher,Trey,26/5/1737,Kincardineshire
142,0,0,Nightingale,Milly,28/3/1961,Inverness
143,0,0,Lincoln,Homer,14/3/1678,Clackmannan
144,0,0,Costello,Marco,16/12/1498,East Lothian
145,0,0,Iles,Terresa,11/4/1743,Rutland
146,0,0,Adanet,Carlos,23/5/1740,Berwickshire
147,0,0,Teal,Nikita,24/11/1970,Oxfordshire
148,0,0,Otter,Emery,22/12/1645,Suffolk
149,0,0,Given,Callie,26/6/1715,County Fermanagh
150,267,0,Jefferson,Filiberto,29/4/1834,County Tyrone
151,0,0,Altham,Garland,8/11/1655,Worcestershire
152,0,0,Stock,Diego,12/6/1884,Caithness
153,0,0,Nightingale,Jan,7/3/1860,Western Isles
154,0,0,Kirkman,Lois,7/12/1785,Bristol
155,0,0,Goodman,Abraham,11/9/1806,Herefordshire
156,0,0,Crowley,Emmett,18/10/1561,Ayrshire and Arran
157,0,0,Enticott,Socorro,13/5/1757,Dyfed
158,0,0,Tamber,Filiberto,11/3/1862,West Sussex
159,0,0,Whittley,Art,4/8/1842,East Sussex
160,0,0,Pattison,Scott,7/4/1723,City of Glasgow
161,0,0,Chalmers,Jule,17/7/1767,North Yorkshire
162,0,0,Duffy,Herb,19/9/1822,Norfolk
163,743,554,Bush,Kena,9/9/1370,Perth and Kinross
164,0,0,Winter,Homer,13/12/1806,Roxburgh Ettrick and Lauderdale
165,0,0,Hatton,Dayle,3/2/1742,Berwickshire
166,0,0,Sanderson,Rozanne,13/2/1795,City of Aberdeen
167,0,0,Wyer,Efren,17/6/1680,Warwickshire
168,0,0,Fitton,Flora,15/5/1677,Stirling and Falkirk
169,0,0,Saunders,Echo,26/7/1644,Wiltshire
170,0,0,Shipley,Mira,27/12/1668,Buckinghamshire
171,0,0,Jefferson,Shawanna,6/4/1796,Essex
172,0,0,Bonner,Jacques,3/3/1913,Caithness
173,0,0,Kirkpatrick,Ka,20/4/1847,Orkney
174,0,0,Aird,Alfredo,25/2/1688,Shetland
175,0,0,Dubois,Russ,26/7/1783,Renfrewshire
176,0,0,Penney,Horacio,7/10/1547,East Lothian
177,0,0,Raine,Luanne,23/2/1769,Greater Manchester
178,237,0,Thomason,Connie,29/7/1679,Clwyd
179,0,0,Westwood,Donnell,7/11/1799,Lincolnshire
180,0,0,Panesar,Carolee,10/10/1823,Greater London
181,0,0,Templeton,Gabriella,17/12/1748,Angus
182,0,554,Aldridge,Edgar,27/2/1370,Northumberland
183,0,0,Gower,Trey,28/10/1947,Northumberland
184,0,0,Nunn,Kurt,19/7/1696,Moray
185,0,0,Bowman,Franklin,4/4/1813,West Lothian
186,0,0,Roper,Johnson,9/9/1786,North Yorkshire
187,0,0,Jury,Margrett,13/4/1627,North Yorkshire
188,0,0,Dodson,Kelvin,21/5/1749,Perth and Kinross
189,0,0,Charnock,Domenic,8/4/1756,Northumberland
190,0,0,Oreilly,Monty,27/2/1855,Kent
191,697,0,Farrant,Bridgette,20/12/1669,Shropshire
192,0,0,Etheridge,Lu,23/8/1885,Shropshire
193,0,0,Loftus,Tamatha,30/6/1968,Herefordshire
194,0,630,Whittingham,Tyler,3/3/1812,Norfolk
195,0,0,Dempsey,Maryanne,4/5/1749,Ayrshire and Arran
196,0,0,Macarthur,Hyman,10/5/1681,Merseyside
197,0,0,Ramm,Shelton,17/3/1909,Midlothian
198,0,0,Lockie,Leonor,5/2/1809,Shetland
199,0,0,Aubrey,Wanda,14/8/1852,Argyll and Bute
200,0,0,Pattison,Brigid,26/7/1414,Ayrshire and Arran
201,0,0,Skelly,Barney,3/7/1927,Greater London
202,0,0,Anwar,Nigel,1/5/1750,Oxfordshire
203,0,0,Nilsen,Brigid,18/6/1802,Norfolk
204,0,744,Cameron,Carline,17/7/1690,Essex
205,440,0,Neaverson,Bronwyn,20/5/1877,Berwickshire
206,0,0,Findlay,Marcelene,16/11/1705,Hampshire
207,0,0,Westlake,Giselle,26/9/1530,The Stewartry of Kirkcudbright
208,0,484,Dann,Deane,27/5/1965,Inverness
209,0,0,Cracknell,Pete,23/3/1619,Durham
210,0,0,Rich,Kelvin,20/11/1688,Greater Manchester
211,0,0,Corrigan,Davina,8/1/1865,Moray
212,0,0,Ellison,Roman,29/10/1439,North Yorkshire
213,0,274,Devine,Lyman,8/1/1751,Lincolnshire
214,0,0,Kilbey,Essie,28/8/1709,Dorset
215,536,0,Armitage,Jonie,28/5/1735,Dorset
216,0,0,Grennan,Slyvia,30/4/1760,Nottinghamshire
217,906,0,Dubois,Giselle,14/9/1763,Norfolk
218,0,0,Okelly,Abdul,23/9/1976,Merseyside
219,0,828,Millett,Kristopher,21/10/1922,Northamptonshire
220,849,0,Gooch,Ellsworth,31/10/1770,Berkshire
221,0,0,Templeton,Carson,19/3/1758,Lancashire
222,0,0,Cracknell,Marcelene,26/4/1700,Rutland
223,0,915,Jefferson,Burma,27/10/1804,Shropshire
224,0,0,Nair,Louie,4/5/1744,Roxburgh Ettrick and Lauderdale
225,0,0,Gerrard,Tonita,13/9/1693,Dumfries
226,0,0,Stokes,Mira,3/9/1847,County Derry
227,432,0,Clark,Natasha,13/4/1635,County Tyrone
228,0,0,Rousset,Len,24/5/1655,The Stewartry of Kirkcudbright
229,0,0,Crabb,Anika,21/2/1610,Northumberland
230,0,0,Dolman,Buena,5/2/1800,Powys
231,0,0,Bush,Brice,28/8/1790,Bedfordshire
232,0,822,Frederikson,Marisha,23/7/1439,County Derry
233,0,0,Chapple,Yang,29/8/1875,Orkney
234,898,0,Ellison,Hyman,17/7/1343,Caithness
235,759,0,Heywood,Lynette,14/2/1859,Lanarkshire
236,0,0,Anwar,Deedra,16/10/1718,Oxfordshire
237,0,0,Thomason,Stephen,19/10/1645,Clwyd
238,0,0,Jensen,Margarete,30/9/1942,Ayrshire and Arran
239,0,0,Gregory,Waylon,18/10/1815,West Midlands
240,0,611,Ilett,Burton,6/2/1776,Dunbartonshire
241,0,0,Geldard,Carline,19/7/1770,Lanarkshire
242,0,0,Mcgill,Alysa,15/9/1769,Isle of Wight
243,0,0,Bush,Leopoldo,21/6/1827,Clwyd
244,0,0,Riddle,Shelby,17/11/1521,Merseyside
245,0,952,Karne,Earle,21/5/1759,County Armagh
246,0,0,Neilson,Horacio,24/5/1674,Worcestershire
247,0,0,Atterton,Laine,22/11/1891,East Riding of Yorkshire
248,0,0,Inglethorpe,Robin,28/11/1964,Cambridgeshire
249,0,680,Drysdale,Gertrud,5/10/1739,North Yorkshire
250,0,0,Crowley,Filomena,4/4/1537,Oxfordshire
251,0,0,Ellison,Garrett,5/12/1441,North Yorkshire
252,0,0,Prior,Delmer,12/11/1719,Banffshire
253,0,0,Harwood,Monotera,31/7/1905,Stirling and Falkirk
254,0,0,Lendon,Virgil,4/5/1665,Argyll and Bute
255,0,0,Nicol,Vashti,12/7/1738,Northumberland
256,705,504,Willis,Rozanne,24/7/1795,Dorset
257,0,0,Lloyd,Evonne,10/5/1743,City of Edinburgh
258,0,0,Ealy,Edmond,13/6/1776,Kent
259,0,0,Penney,Franklin,11/8/1781,Argyll and Bute
260,0,0,Rick,Shawanna,2/3/1682,Dumfries
261,0,0,Kelliher,Reyes,30/7/1886,Devon
262,0,0,Gray,Salvatore,11/1/1811,County Antrim
263,0,0,Cutts,Andrew,16/2/1830,Clwyd
264,0,0,Bevan,Gonzalo,22/1/1823,Dyfed
265,0,680,Drysdale,Celina,23/3/1734,Stirling and Falkirk
266,0,0,Hogan,Malisa,8/10/1841,Nairn
267,0,915,Jefferson,Charley,31/8/1802,County Tyrone
268,0,0,Elzer,Cayla,22/1/1669,Clackmannan
269,0,0,Gutteridge,Robert,4/1/1603,Nairn
270,0,0,Sadler,Morgan,27/11/1870,North Yorkshire
271,0,0,Kelliher,Omar,11/6/1756,Nairn
272,0,0,Whittle,Claire,17/3/1887,Norfolk
273,0,0,Nurse,Rory,25/4/1669,Clwyd
274,0,0,Rycroft,Doris,9/11/1723,Lincolnshire
275,0,0,Mcauley,Anette,22/1/1533,Merseyside
276,0,0,Raine,Clement,13/2/1688,Buckinghamshire
277,0,0,Flannery,Stephen,26/2/1734,Midlothian
278,0,0,Jobson,Matt,10/4/1837,Nairn
279,0,0,Goodchild,Abraham,1/12/1619,Orkney
280,0,0,Axon,Delmer,29/11/1650,Clwyd
281,0,0,Jordon,Rey,11/11/1812,Surrey
282,0,0,Pickering,Omar,2/7/1839,Gwent
283,0,0,Rycroft,Martin,10/3/1762,Berkshire
284,0,0,Guilmard,Bette,18/5/1631,Greater London
285,0,0,Joyce,Billie,7/8/1894,Ross and Cromarty
286,595,0,Overson,Dolores,13/12/1763,Merseyside
287,914,0,Feetham,Nicholas,5/3/1913,Herefordshire
288,0,0,Stokes,Raina,13/2/1847,County Derry
289,0,0,Sadler,Abdul,28/5/1890,North Yorkshire
290,0,0,Lincoln,Donnell,9/4/1772,Dunbartonshire
291,0,0,Kidner,Scott,20/8/1814,Orkney
292,0,0,Vallance,Virgil,4/12/1610,West Yorkshire
293,0,0,Leighton,Delmer,30/8/1723,Angus
294,0,0,Goldman,Starla,19/3/1633,Bristol
295,824,0,Woodcock,Nathanial,22/9/1774,Mid Glamorgan
296,0,0,Jarrold,Garret,9/2/1689,Lanarkshire
297,0,0,Goldman,Waylon,28/2/1624,Bristol
298,0,0,Doran,Kam,1/4/1880,County Fermanagh
299,352,0,Edmondson,Claud,9/12/1746,Powys
300,0,0,Jordon,Billie,14/4/1817,Northumberland
301,757,0,Jonhson,Nestor,1/4/1787,Worcestershire
302,0,0,Humphrey,Franklyn,2/12/1635,Mid Glamorgan
303,0,0,Hindle,Hermelinda,30/1/1623,Stirling and Falkirk
304,0,0,Goldman,Anette,23/6/1586,Devon
305,0,0,Lucas,Ollie,4/6/1854,Cumbria
306,0,0,Neaverson,Bernard,26/4/1836,South Yorkshire
307,0,0,Hubbard,Lona,21/8/1893,Powys
308,0,0,Sadiq,Burt,2/10/1380,Lanarkshire
309,0,0,Rhoades,Brittny,27/12/1680,Surrey
310,0,0,Hemmings,Sol,21/4/1757,Stirling and Falkirk
311,0,0,Whittley,Burma,15/4/1848,East Sussex
312,0,0,Rees,Hyman,7/11/1750,Rutland
313,607,0,Eckersall,Saul,11/4/1817,Staffordshire
314,0,0,Wilks,Abraham,24/12/1676,Renfrewshire
315,0,0,Torrance,Terrell,4/4/1740,Nairn
316,0,0,Passmore,Malisa,1/3/1900,Dunbartonshire
317,0,0,Aylett,Nevada,5/4/1725,Cambridgeshire
318,0,0,Lincoln,Carson,21/11/1813,Midlothian
319,0,0,Arrowsmith,Annie,20/3/1800,Western Isles
320,0,0,Derrick,Hermelinda,10/4/1659,South Glamorgan
321,0,0,Howarth,Maryanne,4/8/1609,Cambridgeshire
322,0,0,Bourne,Yang,2/2/1526,County Fermanagh
323,0,0,Lockie,Latisha,4/8/1457,Wiltshire
324,878,0,Cutts,Natasha,9/10/1795,Greater London
325,0,0,Durand,Denyse,23/7/1765,Mid Glamorgan
326,0,0,Walshe,Hershel,20/2/1672,City of Aberdeen
327,0,0,Lincoln,Pierre,21/9/1769,Dunbartonshire
328,0,0,Riddle,Peggy,20/10/1612,Cambridgeshire
329,0,0,Laycock,Len,2/2/1787,Roxburgh Ettrick and Lauderdale
330,0,0,Large,Tiffanie,18/4/1524,County Armagh
331,810,0,Harvey,Eilene,18/10/1752,County Armagh
332,0,0,Goodall,Titus,25/9/1800,East Sussex
333,0,454,Long,Camellia,4/2/1785,Aberdeenshire
334,479,0,Guttridge,Mckenzie,17/7/1541,City of Dundee
335,0,0,Reyes,Ellsworth,26/4/1602,Norfolk
336,0,0,Newcombe,Rico,27/1/1507,Hertfordshire
337,0,0,Bonner,Elvis,20/1/1913,Caithness
338,0,0,Anakin,Russ,12/3/1785,Bristol
339,761,0,Fitton,Humberto,31/8/1728,East Riding of Yorkshire
340,0,0,Cain,Bud,13/8/1780,Hampshire
341,0,0,Wyer,Efren,10/10/1841,Shropshire
342,499,0,Poulton,Geraldo,15/6/1740,Derbyshire
343,0,0,Leadley,Wanda,2/11/1736,Somerset
344,0,0,Jenkins,Mckenzie,26/3/1520,County Derry
345,0,0,Algar,Hiram,3/10/1819,Merseyside
346,0,0,Kirkman,Rosendo,8/12/1788,Clwyd
347,0,0,Iddon,Anika,24/3/1947,Derbyshire
348,0,0,Lewis,Melia,2/4/1837,Suffolk
349,0,0,Goldman,Bridgette,25/1/1595,Devon
350,0,670,Upton,Tracy,1/1/1639,Lancashire
351,0,822,Frederikson,Trey,28/6/1437,County Derry
352,0,0,Edmondson,Filiberto,8/2/1710,Powys
353,0,0,Weldon,Tory,5/6/1833,Derbyshire
354,0,0,Phillips,Saran,30/1/1720,County Tyrone
355,0,0,Lynas,Scott,30/1/1665,Wiltshire
356,0,0,Ingham,Peter,12/7/1960,East Sussex
357,0,0,Ling,Aron,3/4/1751,County Antrim
358,759,0,Heywood,Katy,8/1/1864,City of Aberdeen
359,0,0,Axon,Nathanial,19/12/1660,Orkney
360,0,0,Harwood,Toby,8/9/1898,West Midlands
361,0,0,Marsden,Karie,4/12/1860,City of Dundee
362,0,0,Robotham,Lakisha,9/6/1765,Worcestershire
363,0,531,Emberson,Shayna,26/2/1821,East Lothian
364,0,0,Ibrahim,Gonzalo,5/8/1919,Stirling and Falkirk
365,0,0,Elzer,Nathanial,6/10/1661,Clackmannan
366,0,0,Edley,Ileen,5/4/1632,City of Dundee
367,0,0,Emberson,Vashti,13/10/1464,Mid Glamorgan
368,0,0,Andrews,Leigha,11/4/1719,Gwynedd
369,0,0,Templeton,Jae,25/5/1731,Angus
370,0,0,Tinker,Rosia,20/6/1856,Warwickshire
371,0,0,Crossley,Martin,14/1/1861,Norfolk
372,0,0,Cracknell,Zane,13/10/1535,Berkshire
373,0,0,Noyes,Aisha,10/4/1767,Gwynedd
374,0,0,Wilson,Callie,28/2/1796,Bristol
375,844,0,Damon,Jeanna,5/10/1698,City of Aberdeen
376,0,0,Hardwick,Denyse,22/10/1923,South Yorkshire
377,0,0,Core,Greta,2/6/1677,Kincardineshire
378,0,0,Eatherington,Rolando,9/1/1770,Ross and Cromarty
379,0,0,Powers,Starla,12/1/1805,Greater London
380,886,0,Gillespie,Dorsey,18/3/1815,Shetland
381,0,0,Ellis,Elias,17/10/1675,Angus
382,0,0,Dickinson,Earle,7/9/1717,Ayrshire and Arran
383,0,0,Tedd,Milly,23/12/1782,Dorset
384,0,0,Ellis,Reyes,1/12/1786,Worcestershire
385,0,0,Oxtoby,Tracy,22/4/1717,Ayrshire and Arran
386,0,0,Preece,Charlena,20/11/1578,West Lothian
387,0,0,Wilkin,Maryanne,11/6/1716,Stirling and Falkirk
388,0,0,Tappin,Summer,16/8/1593,Devon
389,0,0,Rycroft,Domenic,28/6/1782,Berwickshire
390,0,0,Easton,Lonny,31/10/1699,County Antrim
391,0,0,Noyes,Berneice,21/8/1692,Gwynedd
392,0,0,Painter,Teodoro,29/12/1817,Isle of Wight
393,0,0,Oldland,Cedrick,26/9/1607,Kent
394,0,0,Harwood,Dimple,26/2/1808,Norfolk
395,0,0,Gillespie,Delcie,11/10/1876,Northumberland
396,0,0,Doors,Tonita,21/7/1887,Dorset
397,0,0,Wilkin,Tory,13/9/1690,Cheshire
398,0,0,Southgate,Elois,29/5/1736,West Glamorgan
399,0,0,Rich,Horacio,25/2/1760,Warwickshire
400,0,0,Clifton,Emmett,24/8/1752,Roxburgh Ettrick and Lauderdale
401,0,0,Gunby,Jc,26/10/1753,Shropshire
402,0,682,Fields,Serita,8/7/1762,Kincardineshire
403,0,0,Snowdon,Monroe,27/7/1819,City of Dundee
404,0,0,Goodman,Emmett,20/7/1684,Cornwall
405,0,0,Adey,Jeanett,29/5/1745,Leicestershire
406,0,0,Ellison,Nidia,23/9/1434,North Yorkshire
407,849,0,Gooch,Elias,7/11/1765,Berkshire
408,0,0,Dudley,Elijah,6/3/1712,Bedfordshire
409,0,779,Cumming,Lynette,20/8/1870,South Glamorgan
410,0,0,Merritt,Hermelinda,12/2/1865,Lincolnshire
411,0,0,Warner,Nathanial,18/7/1544,East Riding of Yorkshire
412,0,0,Penney,Colette,15/9/1393,Angus
413,0,0,Geaney,Anika,18/12/1779,Berwickshire
414,0,0,Burn,Carlos,22/12/1754,Shetland
415,0,0,Patel,Dave,21/9/1613,Kent
416,0,0,Hendry,Denver,3/4/1741,Aberdeenshire
417,0,0,Agar,Kasey,17/10/1833,Oxfordshire
418,0,0,Foreman,Shayna,1/8/1723,Dumfries
419,0,0,Kirkpatrick,Zona,3/9/1664,Sutherland
420,0,0,Kibblewhite,Bobbi,18/3/1723,Essex
421,0,0,Oates,Sharan,11/9/1470,County Down
422,0,0,Cormack,Kelley,17/3/1866,North Yorkshire
423,0,0,Rhoades,Isidra,22/12/1668,Kent
424,0,0,Oldfield,Archie,29/10/1559,South Yorkshire
425,0,0,Bethell,Myung,17/4/1630,Clwyd
426,0,0,Opayne,Charmain,6/10/1953,Greater Manchester
427,0,0,Ramm,Halina,9/2/1906,Midlothian
428,0,0,Sweeting,Rod,4/12/1610,Wigtown
429,0,0,Croucher,Socorro,19/5/1759,Worcestershire
430,0,0,Powers,Abram,8/9/1557,Kincardineshire
431,0,0,King,Salvatore,11/3/1815,Worcestershire
432,0,0,Clark,Leandron,17/4/1595,County Tyrone
433,0,0,Tovey,Major,19/7/1815,City of Glasgow
434,0,0,Crossley,Leopoldo,11/7/1668,Roxburgh Ettrick and Lauderdale
435,0,0,Crowley,Reatha,16/6/1520,Kent
436,0,0,Harding,Eric,18/5/1651,Cornwall
437,0,0,Titmus,Tiffanie,25/6/1658,West Sussex
438,0,0,Tomlin,Elfriede,22/3/1664,Stirling and Falkirk
439,0,0,Goring,Dionne,28/10/1813,City of Dundee
440,0,0,Neaverson,Jonas,13/2/1848,Berwickshire
441,0,0,Derrick,Modesta,24/2/1666,Powys
442,0,0,Ballantyne,Jonas,22/5/1469,Clackmannan
443,0,0,Harrop,Isidra,9/12/1766,Somerset
444,0,0,Peigne,Glenna,25/5/1948,City of Glasgow
445,0,0,Dunne,Vito,6/11/1675,Cambridgeshire
446,0,0,Lendon,Peter,14/2/1645,Argyll and Bute
447,0,597,Atterbury,Jc,15/1/1849,Bristol
448,0,0,Jordon,Goldie,30/8/1819,Dyfed
449,0,0,Sadler,Ezra,4/9/1869,North Yorkshire
450,0,0,Taurel,Russ,14/12/1658,Perth and Kinross
451,0,0,Marriott,Earle,1/11/1739,Cambridgeshire
452,0,0,Normington,Celina,12/5/1911,County Antrim
453,0,547,Whalley,Terrell,18/11/1764,Lancashire
454,0,0,Simmonds,Sherrie,31/1/1750,Norfolk
455,0,0,Gomez,Burt,4/8/1759,Shropshire
456,0,0,Thirlway,Napoleon,11/8/1794,Clwyd
457,0,0,Altham,Caridad,16/6/1656,Gwynedd
458,0,982,Kenley,Billie,19/9/1797,Clwyd
459,826,0,King,Joseph,17/12/1863,Banffshire
460,0,0,Southgate,Abdul,18/1/1701,Nairn
461,0,0,Ellison,Antione,13/4/1425,North Yorkshire
462,0,0,Tombs,Felisha,9/3/1504,Oxfordshire
463,0,0,Harwood,Isreal,7/10/1838,West Yorkshire
464,0,0,Blanchard,Jan,6/10/1626,West Yorkshire
465,0,0,Rycroft,Burt,11/4/1760,Sutherland
466,0,0,Blanchard,Bette,1/5/1623,West Yorkshire
467,0,0,Reyes,Kasie,11/9/1584,County Armagh
468,835,0,Lucas,Nevada,6/7/1909,County Tyrone
469,0,0,Everitt,Connie,4/12/1752,Merseyside
470,0,0,Cheshire,Tamatha,28/8/1785,East Lothian
471,0,0,Weasley,Adolph,3/12/1745,Berkshire
472,0,0,Provan,Arden,4/8/1801,County Derry
473,0,0,Ashurst,Shelton,14/7/1742,West Sussex
474,0,0,Fox,Collette,17/6/1708,Midlothian
475,0,679,Tickner,Salvatore,27/7/1801,Gwynedd
476,0,0,Marr,Cathie,1/4/1902,West Yorkshire
477,0,0,Southgate,Cesar,14/4/1634,West Glamorgan
478,0,930,Thirlway,Tera,20/11/1784,Gwynedd
479,0,0,Guttridge,Lonny,18/7/1510,City of Dundee
480,0,0,Richards,Joi,15/1/1699,County Armagh
481,0,0,Ulyatt,Bobbi,11/2/1439,Berwickshire
482,0,0,Ingham,Lucien,4/3/1954,Powys
483,0,0,Woolley,Raina,4/10/1811,Norfolk
484,0,0,Loftus,Lois,15/9/1939,Herefordshire
485,523,0,Manning,Bee,18/4/1879,Rutland
486,0,0,Ellison,Leigha,10/11/1434,Norfolk
487,0,0,Hutchinson,Pedro,4/7/1823,Orkney
488,0,0,Ramm,Ocie,8/6/1808,Isle of Man
489,851,0,Farrant,Clinton,21/6/1665,Mid Glamorgan
490,951,0,Watts,Clement,19/3/1656,Renfrewshire
491,0,0,Eaves,Bobbi,13/7/1683,Tyne and Wear
492,0,0,Jefferson,Maryanne,2/4/1824,Berkshire
493,0,0,Ellison,Eleonor,14/7/1421,North Yorkshire
494,0,0,Sadler,Don,9/8/1899,North Yorkshire
495,0,0,Kibblewhite,Dahlia,19/1/1808,Berwickshire
496,0,0,Franco,Raina,16/11/1785,Cambridgeshire
497,0,0,Percival,Bridgette,18/5/1806,Devon
498,0,0,Braithwaite,Mitch,4/9/1961,Bedfordshire
499,0,0,Poulton,Burl,19/5/1714,Derbyshire
500,0,0,Gibbons,Napoleon,16/11/1682,County Down
501,0,0,Crossley,Joseph,10/9/1723,Norfolk
502,0,0,Wakeham,Pablo,27/9/1938,Perth and Kinross
503,0,0,Buckley,Efren,19/7/1893,Argyll and Bute
504,0,0,Pattison,Giselle,15/8/1770,Dunbartonshire
505,0,0,Torrens,Filomena,7/7/1768,Berwickshire
506,0,0,Eveson,Bette,9/6/1637,Powys
507,0,0,Inglethorpe,Celina,17/4/1903,Greater Manchester
508,0,0,Prosser,Annie,14/12/1721,Buckinghamshire
509,0,0,Clark,Dionne,19/4/1606,Nairn
510,0,0,Horrocks,Elfriede,16/8/1778,Lanarkshire
511,0,939,Wakeham,Carline,4/3/1858,Worcestershire
512,0,0,Greenhill,Stephen,27/9/1555,Ayrshire and Arran
513,0,0,Hennessy,Daria,12/11/1654,Isle of Wight
514,0,0,Kerrighen,Pedro,7/1/1724,West Midlands
515,0,0,Adsett,Mira,19/6/1759,Gloucestershire
516,0,0,Macarthur,Jeanett,7/7/1425,Rutland
517,0,0,Beer,Earnest,16/6/1824,County Tyrone
518,0,0,Cracknell,Elijah,29/12/1659,South Glamorgan
519,0,0,Leech,Melodie,1/11/1966,North Yorkshire
520,0,0,Lambton,Jake,22/9/1598,West Lothian
521,0,0,Mistry,Burma,23/2/1816,Gwynedd
522,0,0,Johanson,Annie,25/2/1718,Stirling and Falkirk
523,0,0,Manning,Roman,27/4/1851,Inverness
524,0,0,Pattison,Waylon,27/7/1406,Ayrshire and Arran
525,0,0,Everson,Celine,17/7/1652,Inverness
526,0,0,Essop,Burl,23/4/1799,Clwyd
527,769,0,Shipley,Roxanne,8/12/1696,Buckinghamshire
528,0,0,Hutchinson,Merideth,2/2/1754,Cornwall
529,0,0,Farrant,Celestine,1/12/1604,Lanarkshire
530,0,0,Painter,Ezekiel,5/7/1815,County Derry
531,0,0,Jenkyns,Marlo,7/6/1786,East Lothian
532,0,0,Johanson,Leopoldo,19/6/1892,Northumberland
533,0,0,Pegg,Nancie,10/11/1807,Stirling and Falkirk
534,0,0,Dolman,Faye,23/12/1806,Powys
535,0,0,Hood,Whitney,22/9/1585,Caithness
536,0,0,Armitage,Tuan,25/1/1705,Suffolk
537,0,0,Sherriff,Broderick,29/7/1869,Stirling and Falkirk
538,0,0,Glenn,Dustin,22/10/1754,County Down
539,0,0,Hopes,Ressie,1/7/1743,Worcestershire
540,0,0,Haigh,Renato,7/12/1464,Mid Glamorgan
541,0,0,Terry,Tracy,11/10/1767,Perth and Kinross
542,0,0,Emberson,Peter,7/2/1788,West Sussex
543,0,0,Buchan,Leopoldo,1/10/1826,Wiltshire
544,0,0,Plant,Kena,24/7/1724,Durham
545,0,0,Cracknell,Felice,19/8/1529,Berkshire
546,0,0,Templeton,Bette,6/2/1755,Lancashire
547,0,0,Hopkins,Celine,19/9/1739,West Sussex
548,0,0,David,Jacques,28/2/1816,County Derry
549,0,0,Brown,Stacey,6/4/1880,West Lothian
550,0,0,Dudley,Socorro,11/10/1752,Renfrewshire
551,0,0,Stark,Felice,4/1/1802,City of Edinburgh
552,0,0,Milward,Maisie,5/5/1744,Clackmannan
553,0,0,Ellis,Gertrud,19/6/1746,Worcestershire
554,0,0,Holding,Celina,2/8/1333,Lancashire
555,0,0,Bateman,Magan,10/7/1756,East Lothian
556,0,0,Dempsey,Leanne,10/9/1780,City of Dundee
557,0,0,Dodson,Joaquin,31/7/1780,Wigtown
558,0,0,Rick,Hermelinda,12/9/1607,Wiltshire
559,0,0,Nichols,Rosa,11/2/1913,West Yorkshire
560,0,0,Ingram,Gerardo,12/11/1939,Dunbartonshire
561,0,0,Capper,Lacie,12/1/1736,Merseyside
562,0,0,Braithwaite,Andrew,14/1/1994,Bedfordshire
563,0,0,Main,Foster,8/8/1341,Dorset
564,0,0,Wyer,Merideth,13/5/1814,Warwickshire
565,0,0,Ling,Gia,18/9/1785,County Antrim
566,0,0,Whitehead,Jonas,20/5/1839,Lanarkshire
567,0,0,Loftus,Karleen,8/4/1909,Herefordshire
568,0,0,Guttridge,Carline,29/6/1546,Renfrewshire
569,0,0,Deverell,Earle,23/10/1755,Leicestershire
570,0,0,Fitton,Colette,6/9/1801,The Stewartry of Kirkcudbright
571,0,0,Curry,Doug,28/2/1797,Essex
572,0,0,Gunby,Wilbert,23/3/1725,Cumbria
573,0,0,Oreilly,Shelby,17/4/1835,The Stewartry of Kirkcudbright
574,0,0,Hodder,Saran,22/10/1749,Shetland
575,0,0,Norbury,Rory,19/3/1801,Cumbria
576,873,0,Whitehead,My,27/3/1894,Lanarkshire
577,0,0,Guttridge,Franklyn,20/8/1898,County Tyrone
578,0,0,Howarth,Eleonor,8/9/1607,Shropshire
579,0,0,Karne,Serita,6/3/1727,East Sussex
580,0,0,Neilson,David,20/2/1674,South Yorkshire
581,0,0,Dexter,Landon,30/12/1783,Inverness
582,0,717,Inglethorpe,Ona,31/7/1867,Argyll and Bute
583,0,0,Black,Archie,19/9/1463,Herefordshire
584,0,0,Jenks,Marcelene,18/2/1739,Lanarkshire
585,0,0,Morris,Randell,24/2/1757,Cambridgeshire
586,0,0,Overson,Marci,14/3/1738,Bedfordshire
587,0,0,Higgins,Colin,2/8/1652,Bedfordshire
588,0,0,Partlett,Landon,25/10/1714,Roxburgh Ettrick and Lauderdale
589,0,0,Styles,Nancie,23/3/1710,South Yorkshire
590,0,0,Routledge,Goldie,19/11/1804,Cumbria
591,0,0,Cornish,Abraham,1/6/1782,Kent
592,0,0,Crabb,Tera,15/12/1639,Berkshire
593,0,0,Ashworth,Marisha,12/8/1964,Leicestershire
594,0,0,Malley,Ezekiel,10/3/1922,Northumberland
595,0,0,Overson,Roman,9/10/1737,Bedfordshire
596,0,0,Haggett,Elmer,14/4/1776,Hampshire
597,0,0,Driver,Rutha,28/8/1820,County Derry
598,990,0,Ramsden,Raul,2/4/1830,County Fermanagh
599,0,0,Stack,Leanne,11/12/1644,Derbyshire
600,0,0,Hood,Ross,17/2/1870,Nairn
601,0,0,Lowes,Andrew,26/2/1442,North Yorkshire
602,0,0,Ashworth,Garrett,25/9/1994,Clackmannan
603,0,0,Goldman,David,10/7/1662,Bristol
604,0,0,Durant,Kasie,21/3/1648,Perth and Kinross
605,0,0,Lewis,Melodie,14/9/1682,Cambridgeshire
606,0,0,Handley,My,28/7/1497,Clwyd
607,0,0,Eckersall,Eric,11/12/1784,Durham
608,0,0,Pegg,Yang,14/4/1809,South Glamorgan
609,0,0,Penney,Filomena,31/10/1476,East Lothian
610,0,0,Mcleod,Stacey,8/3/1729,City of Edinburgh
611,0,0,Ilett,Marquetta,18/12/1743,Dunbartonshire
612,0,0,Furness,Joi,27/5/1705,Isle of Man
613,0,0,Whitehouse,Karleen,25/8/1742,Surrey
614,0,0,Jobson,Milly,17/1/1808,Nairn
615,0,0,Giles,Colette,26/3/1737,Lanarkshire
616,0,0,Sutherland,Dexter,2/9/1873,Lancashire
617,0,0,Warner,Donnell,30/6/1518,East Lothian
618,0,0,Hardwick,Sidney,29/10/1888,Gwent
619,0,0,Almond,Franklyn,13/2/1739,Greater Manchester
620,0,0,Beer,Emilia,14/3/1817,County Tyrone
621,0,0,Doran,Clyde,7/1/1835,Tyne and Wear
622,0,0,Algar,Marcelene,19/3/1823,Merseyside
623,0,0,Ainley,Marilu,16/9/1761,County Fermanagh
624,0,0,Dipper,Shawanna,9/9/1783,Staffordshire
625,0,0,Ware,Jamar,26/6/1612,Dumfries
626,0,0,Hood,Barney,9/8/1559,Leicestershire
627,0,0,Stokes,Toby,7/11/1910,County Down
628,0,0,Jameson,Peter,20/10/1441,Bedfordshire
629,0,0,Durant,Dayle,9/5/1615,Perth and Kinross
630,0,0,Spencer,Natasha,4/8/1774,Sutherland
631,0,0,Lindo,Starla,17/1/1763,Kent
632,890,0,Essop,Socorro,20/7/1732,The Stewartry of Kirkcudbright
633,0,0,Lewis,Carin,20/2/1651,Cambridgeshire
634,0,0,Dacey,Emery,7/3/1872,Midlothian
635,0,0,Pinsmail,Jerrold,9/8/1857,West Midlands
636,0,0,Tombs,Jim,15/7/2018,Devon
637,0,0,Dacey,Maritza,21/4/1851,Midlothian
638,0,0,Norbury,Marianna,9/6/1713,Gwynedd
639,804,0,Shackleton,Eilene,7/7/1757,Powys
640,0,0,Rodham,Maritza,17/4/1674,Lancashire
641,0,0,Eveson,Lu,23/5/1605,West Midlands
642,0,0,Dipper,Callie,7/2/1793,Staffordshire
643,0,0,Lynas,Carol,25/12/1669,County Antrim
644,0,0,Geldard,Elvis,27/1/1916,County Fermanagh
645,0,0,Mair,Burma,6/12/1826,Wigtown
646,0,0,Rycroft,Carolee,7/4/1761,County Antrim
647,0,0,Karne,Garnet,10/3/1794,Caithness
648,0,0,Hamilton,Charmain,27/7/1712,Western Isles
649,0,0,Teal,Edgar,4/6/1881,Dyfed
650,0,0,Jackman,Milly,12/7/1814,Roxburgh Ettrick and Lauderdale
651,0,0,Plastow,Art,26/3/1822,Surrey
652,0,0,Doran,Hollie,2/1/1840,West Yorkshire
653,0,0,Phillips,Elenora,12/9/1628,South Yorkshire
654,0,0,Lynas,Jonas,1/11/1641,Mid Glamorgan
655,0,0,Ainley,Serita,8/2/1758,East Sussex
656,0,0,Mooney,Dorsey,12/8/1652,Orkney
657,0,0,Mcgrath,Sidney,6/1/1815,County Derry
658,0,0,Dubois,Shawanna,15/9/1824,Nottinghamshire
659,0,0,Crossley,Lona,20/4/1721,Angus
660,0,0,Voakes,Sherrie,4/3/1877,Renfrewshire
661,0,0,Evenden,Lyman,20/3/1751,Kincardineshire
662,0,0,Woodcock,Franklyn,11/10/1745,Isle of Wight
663,0,0,Brain,Merideth,10/8/1474,City of Aberdeen
664,0,0,Weeks,Danuta,6/9/1794,Midlothian
665,0,0,Whitaker,Cayla,7/2/1698,Powys
666,0,0,Crossley,Bud,7/10/1819,Angus
667,0,0,Ellison,Quinn,22/9/1443,Gwent
668,0,0,Chung,Nguyet,9/6/1766,Northumberland
669,0,0,Orritt,Ramon,19/6/1758,Sutherland
670,0,0,Duke,Diane,17/6/1608,Caithness
671,0,0,Skipper,Marilu,19/8/1690,Caithness
672,0,0,Tinker,Art,24/11/1855,Warwickshire
673,0,0,Harwood,Andra,27/6/1864,Surrey
674,0,0,Ellison,Merlin,9/2/1318,Caithness
675,0,0,Ronald,Cesar,13/10/1774,The Stewartry of Kirkcudbright
676,0,0,Kibblewhite,Nikita,18/9/1820,West Lothian
677,0,0,Dexter,Billie,27/10/1720,Lanarkshire
678,0,0,Sparkes,Aron,22/6/1942,Northamptonshire
679,0,0,Hutchinson,Flora,3/9/1775,Powys
680,0,0,Oxtoby,Greta,24/6/1708,West Lothian
681,0,0,Lincoln,Marcelene,1/6/1835,Midlothian
682,0,0,Hutchinson,Sudie,3/11/1731,Kincardineshire
683,0,0,Major,Emmett,8/9/1763,Nottinghamshire
684,0,0,Jardine,Dexter,2/1/1783,Northumberland
685,408,0,Dudley,Yadira,28/10/1748,Bedfordshire
686,0,0,Shipley,Rosa,6/7/1661,Buckinghamshire
687,0,0,Gillies,Felisha,14/6/1795,Herefordshire
688,0,0,Yeadon,Brice,4/11/1674,East Riding of Yorkshire
689,0,0,Woodley,Rupert,8/2/1620,Cheshire
690,0,0,Kendell,Jina,28/9/1901,Stirling and Falkirk
691,0,0,Prior,Shelton,20/5/1729,City of Glasgow
692,0,0,Haggett,Merideth,28/10/1773,Mid Glamorgan
693,0,0,Lewis,Sol,22/8/1784,Shropshire
694,0,0,Rosser,Jeanna,5/10/2060,County Derry
695,0,0,Tocher,Gino,16/9/1632,Clwyd
696,0,0,Lindo,Maritza,16/5/1797,West Sussex
697,0,0,Farrant,Omar,14/12/1635,County Armagh
698,0,0,Hough,Elliot,14/2/1452,Merseyside
699,0,0,Stack,Dimple,27/7/1651,Derbyshire
700,0,454,Long,Shawanna,6/5/1784,Aberdeenshire
701,0,0,Lewis,Burma,10/7/1767,Shropshire
702,0,0,Skelly,Lona,22/11/1948,Cambridgeshire
703,0,0,Stocker,Ressie,3/7/1862,Cornwall
704,898,0,Ellison,Anisha,28/4/1342,Caithness
705,0,0,Willis,Adolph,19/8/1762,City of Edinburgh
706,0,0,Vardy,Kathryn,15/3/1709,Kent
707,0,0,Newbury,Joaquin,14/12/1790,City of Dundee
708,0,0,Whittley,Ingrid,8/3/1850,East Sussex
709,0,0,Gomez,Broderick,29/1/1643,Roxburgh Ettrick and Lauderdale
710,0,0,Barry,Dayle,28/10/1821,Shetland
711,0,0,Prior,Rosendo,8/10/1763,Staffordshire
712,0,0,Mcarthur,Garnet,29/8/1803,Western Isles
713,0,0,Bellamy,Kathie,24/10/2003,Nottinghamshire
714,0,0,Haigh,Jamar,14/12/1495,Roxburgh Ettrick and Lauderdale
715,0,0,Agar,Bertha,14/5/1835,Oxfordshire
716,0,0,Albrighton,Carolina,16/9/1691,Warwickshire
717,0,0,Elliott,Nikita,23/10/1832,Bedfordshire
718,0,0,Mcleod,Flora,24/5/1690,City of Edinburgh
719,0,0,Whitehead,Celine,9/6/1813,Devon
720,0,0,Ellis,Bernard,30/3/1744,Worcestershire
721,0,0,Hood,Ethan,18/5/1881,Clackmannan
722,0,0,Lakin,Jenette,28/9/1701,Greater London
723,0,0,Dexter,Burt,27/9/1789,County Tyrone
724,0,0,Weeks,Rolando,27/10/1747,Ross and Cromarty
725,0,0,Dipper,Gonzalo,8/12/1753,Staffordshire
726,0,0,Shipley,Wilburn,10/6/1626,Buckinghamshire
727,0,0,Pelling,Parker,17/12/1769,East Lothian
728,0,0,Rose,Adriane,16/6/1712,Buckinghamshire
729,0,0,Preston,Angelina,25/8/1684,Kent
730,0,0,Edley,Jarrett,30/10/1704,Stirling and Falkirk
731,0,0,Kinnison,Wendy,9/10/1801,Bristol
732,0,0,Ludgrove,Brigid,3/12/1819,The Stewartry of Kirkcudbright
733,0,0,Trevor,Deane,25/10/1574,Mid Glamorgan
734,0,0,Dubois,Brent,22/4/1723,Cornwall
735,0,0,Elmes,Alonzo,3/6/1485,City of Dundee
736,0,0,Robe,Michael,5/10/1726,Worcestershire
737,0,0,Tappin,Pedro,30/1/1630,Worcestershire
738,0,0,Yusuf,Brittani,4/4/1860,Western Isles
739,0,760,Fearnley,Lonny,29/7/1806,Bristol
740,0,0,Perowne,Raina,23/1/1728,Dumfries
741,0,0,King,Marianna,31/10/1819,The Stewartry of Kirkcudbright
742,0,0,Long,Bradly,1/9/1688,Gwent
743,0,0,Bush,Dexter,4/7/1341,Staffordshire
744,0,0,Albrighton,Diane,1/11/1659,North Yorkshire
745,0,0,Down,Maren,8/2/1535,Ross and Cromarty
746,0,0,Abrams,Aisha,14/3/1795,Lanarkshire
747,0,0,Phelps,Nguyet,14/5/1549,Northamptonshire
748,0,0,Ekin,Socorro,14/5/1695,City of Edinburgh
749,0,0,Williamson,Waylon,19/7/1723,Essex
750,0,0,Parmar,Karleen,6/11/1779,Staffordshire
751,0,0,Montgomery,Alfredo,18/9/1847,Greater London
752,0,0,Simmonds,Horacio,16/12/1744,Norfolk
753,0,0,Peters,Isidra,14/11/1876,North Yorkshire
754,0,0,Agar,Brittani,17/9/1838,Oxfordshire
755,0,0,Rickards,Filomena,12/11/1681,Dorset
756,0,0,Ryans,Vito,24/11/1766,Durham
757,0,0,Jonhson,Eric,24/4/1761,Worcestershire
758,0,0,Reyes,Dionne,3/3/1574,Suffolk
759,0,0,Heywood,Clement,17/5/1826,City of Aberdeen
760,0,0,Doors,Maisie,11/2/1779,Dorset
761,0,0,Fitton,Wilbert,12/6/1693,Stirling and Falkirk
762,0,0,Flannery,Filomena,4/8/1706,Midlothian
763,0,0,Willis,Broderick,24/2/1928,Argyll and Bute
764,0,0,Hopes,David,24/8/1742,Suffolk
765,0,0,Govender,Dahlia,22/1/1792,North Yorkshire
766,0,996,Aubrey,Sherrie,29/10/1858,Essex
767,903,0,Mcfadden,Lakisha,20/3/1765,Argyll and Bute
768,0,0,Edley,Tiffanie,7/6/1601,Shropshire
769,0,0,Shipley,Elias,30/4/1670,Buckinghamshire
770,0,0,Skelly,Aron,28/2/1896,Cambridgeshire
771,0,0,Pattison,Leandron,24/8/1413,Gwent
772,0,0,Lewis,Earnest,27/8/1758,East Riding of Yorkshire
773,0,0,Aubrey,Melia,14/4/1853,County Derry
774,848,0,Willis,Bobbi,25/8/1873,City of Edinburgh
775,0,0,Stacey,Elmer,22/1/1703,Cambridgeshire
776,0,0,Yeadon,Karine,14/10/1717,Devon
777,0,0,Williamson,Rod,2/3/1757,Essex
778,0,0,Holder,Faye,22/10/1826,Gwent
779,0,994,King,Malisa,24/9/1837,Gloucestershire
780,0,0,Hubbard,Priscilla,11/6/1891,Powys
781,0,0,Hume,Kasey,16/6/1827,East Lothian
782,0,0,Kendell,Ron,19/3/1903,City of Edinburgh
783,0,0,Willis,Joaquin,11/3/1831,Renfrewshire
784,0,0,Skelly,Alysa,1/2/1877,East Sussex
785,0,944,Darr,Denyse,6/2/1749,Ayrshire and Arran
786,0,0,Bower,Whitney,21/6/1700,Derbyshire
787,0,0,Nanson,Toney,13/12/1729,West Glamorgan
788,0,860,Gooch,Clyde,25/11/1734,Berkshire
789,0,0,Sweeting,Raina,13/11/1609,Essex
790,832,0,Teal,Martin,21/10/1871,West Yorkshire
791,0,0,Bevan,Kenny,24/1/1792,Somerset
792,0,0,Kirkman,Elvis,28/10/1747,South Yorkshire
793,0,0,Jenks,Rey,9/6/1708,County Armagh
794,0,0,Bonner,Toney,23/9/1910,East Lothian
795,0,0,Leach,Collette,2/1/1764,Tyne and Wear
796,0,0,Wilkie,Earnest,8/12/1717,Buckinghamshire
797,0,0,Thurston,Stephen,19/8/1773,Gloucestershire
798,0,0,Angus,Denver,13/5/1817,Clwyd
799,0,0,Gunby,Aisha,12/9/1743,Cambridgeshire
800,0,0,Pickering,Rupert,19/4/1806,West Glamorgan
801,0,0,Brookfield,Kyong,13/9/1690,Cornwall
802,0,0,Edley,Ramon,18/11/1711,Stirling and Falkirk
803,0,0,Foreman,Katy,21/4/1655,Moray
804,0,0,Shackleton,Wilbert,10/10/1729,Shetland
805,0,0,Cutts,Ron,17/8/1756,Greater London
806,0,0,Saunders,Enrique,28/4/1636,Wiltshire
807,0,0,Perrins,Gonzalo,7/3/1711,Bedfordshire
808,951,0,Watts,Berneice,20/1/1663,Argyll and Bute
809,0,0,Caldwell,Martin,18/10/1721,Wiltshire
810,0,0,Harvey,Horacio,20/9/1723,County Armagh
811,0,0,Preece,Donovan,14/2/1550,Perth and Kinross
812,0,0,Karne,Fredrick,6/2/1766,Caithness
813,0,0,Kelliher,Johnson,26/3/1884,Dyfed
814,0,0,Fields,Gino,1/2/1725,East Riding of Yorkshire
815,0,0,Capper,Magan,20/9/1760,Lancashire
816,0,0,Ellison,Roman,16/3/1308,Caithness
817,0,0,Dunne,Latisha,17/1/1685,Northumberland
818,0,0,Main,Franklin,5/3/1660,Perth and Kinross
819,0,0,Doors,Robin,7/5/1847,Dorset
820,0,0,Dacey,Deane,9/12/1950,Dumfries
821,0,0,Darr,Nidia,15/6/1738,Northumberland
822,0,0,Lilley,Celestine,14/7/1404,City of Edinburgh
823,0,0,London,Jovan,8/4/1645,Warwickshire
824,0,0,Woodcock,Emery,26/11/1746,Mid Glamorgan
825,0,0,Simons,Waylon,21/9/1666,Isle of Wight
826,0,994,King,Pedro,21/10/1835,Banffshire
827,0,0,Furness,Hershel,16/12/1632,Essex
828,0,0,Docherty,Karleen,10/12/1885,Isle of Man
829,0,0,Knutt,Randell,8/11/1781,East Riding of Yorkshire
830,0,0,Kendell,Burt,14/10/1872,Dorset
831,0,0,Irvin,Emilia,18/1/1748,Dyfed
832,0,0,Teal,Whitney,22/10/1840,West Yorkshire
833,0,0,Pendleton,Scott,19/12/1740,Dunbartonshire
834,0,0,Loftus,Cedrick,28/4/1973,Herefordshire
835,0,0,Lucas,Franklin,14/4/1875,County Tyrone
836,0,0,Durant,Joaquin,27/5/1648,Perth and Kinross
837,0,0,Kilbey,Leisa,16/2/1554,Lanarkshire
838,0,0,Templeton,Deidra,7/7/1750,Angus
839,0,0,Donaldson,Karine,9/6/1803,Roxburgh Ettrick and Lauderdale
840,0,0,Elcock,Gaston,1/1/1901,Greater London
841,0,0,Neaverson,Elisha,5/9/1800,South Yorkshire
842,0,0,Driver,Randell,13/4/1728,County Fermanagh
843,0,0,Drew,Halina,9/6/1719,Isle of Wight
844,0,0,Damon,Napoleon,20/9/1673,City of Aberdeen
845,0,0,Sadler,Maryanne,11/10/1868,Aberdeenshire
846,0,0,Hopkins,Andrew,15/8/1730,West Sussex
847,0,0,Jefferies,Jarrett,16/2/1829,Norfolk
848,0,0,Willis,Doug,19/11/1838,City of Edinburgh
849,0,860,Gooch,Clinton,15/3/1735,Berkshire
850,0,0,Warren,Reyes,15/3/1775,East Sussex
851,0,0,Farrant,Stephen,14/1/1639,Somerset
852,0,0,Mcgrory,Scott,8/6/1767,Ayrshire and Arran
853,0,0,Lois,Eilene,18/2/1662,County Down
854,0,170,Rutherford,Cesar,4/11/1699,Greater Manchester
855,0,0,Norris,Terry,4/3/1860,Lanarkshire
856,0,0,Wakeham,Renato,30/5/1901,Worcestershire
857,0,0,Patel,Monroe,24/3/1619,Kent
858,0,0,Williamson,Filiberto,7/1/1687,Wigtown
859,0,0,Kibblewhite,Zachery,10/3/1700,Oxfordshire
860,0,0,Jubb,Carline,3/3/1706,Roxburgh Ettrick and Lauderdale
861,0,0,Gonzalez,Giselle,25/2/1788,Isle of Man
862,0,0,Oman,Malia,22/5/1697,Hertfordshire
863,0,0,Bean,Starla,2/9/1988,Derbyshire
864,0,0,Mill,Waylon,2/12/1809,Mid Glamorgan
865,0,0,Shah,Joaquin,15/1/1940,Wiltshire
866,0,0,Passmore,Brittani,10/7/1905,Mid Glamorgan
867,0,0,Ellison,Jeremy,11/5/1355,Caithness
868,0,0,Floyd,Saundra,10/10/1756,Mid Glamorgan
869,0,0,Impey,Berneice,23/11/1790,West Midlands
870,0,0,Evenden,Brittny,26/6/1727,Hampshire
871,0,0,Goodall,Glenna,26/1/1801,Rutland
872,0,0,Mair,Wilfred,26/8/1745,Wigtown
873,0,0,Whitehead,Monroe,5/11/1855,Lanarkshire
874,0,0,Allkins,Roselia,28/9/1987,City of Dundee
875,0,0,Goodchild,Raul,30/11/1652,Orkney
876,0,0,Lewis,Leigha,13/12/1779,Argyll and Bute
877,0,0,Ibrahim,Jovan,15/10/1441,Cambridgeshire
878,0,0,Cutts,Rupert,27/7/1763,Greater London
879,0,0,Felix,Margarete,15/2/1693,Dorset
880,0,0,Fairhurst,Johnson,30/5/1767,Clackmannan
881,0,0,Adsett,Wilbert,25/9/1792,Gloucestershire
882,0,0,Yorston,Trudi,16/2/1673,Greater London
883,0,670,Upton,Sheryll,6/5/1634,Lancashire
884,0,0,Guttridge,Deidra,4/10/1554,Renfrewshire
885,0,0,Kibblewhite,Wendy,17/5/1764,Isle of Wight
886,0,0,Gillespie,Randell,3/11/1780,Shetland
887,0,0,Kacy,Celestine,26/6/1761,Staffordshire
888,0,0,Elliott,Parker,10/12/1837,South Glamorgan
889,0,0,Duff,Goldie,14/2/1701,Inverness
890,0,0,Essop,Broderick,2/6/1695,The Stewartry of Kirkcudbright
891,0,0,Openshaw,Kerri,18/6/1692,Tyne and Wear
892,0,0,Lewin,Nolan,31/3/1744,Surrey
893,0,0,Whitehouse,Camellia,2/4/1735,Cornwall
894,0,0,Cheung,Jospeh,4/3/1783,Cambridgeshire
895,0,0,Penn,Elliot,5/7/1794,Midlothian
896,0,0,Goodchild,Kristopher,15/7/1643,Shropshire
897,0,0,Crowley,Andrew,2/9/1565,Devon
898,0,0,Ellison,Erich,5/7/1311,Caithness
899,0,0,Gonzalez,Titus,25/9/1790,Ayrshire and Arran
900,0,0,Adsett,Earle,24/7/1809,Gloucestershire
901,0,0,Whiting,Abdul,19/4/1736,Moray
902,0,0,Yeadon,Kennith,24/10/1830,Roxburgh Ettrick and Lauderdale
903,0,0,Mcfadden,Homer,27/8/1739,County Armagh
904,0,0,Southgate,Zack,11/4/1729,Ayrshire and Arran
905,0,0,Mcshane,Hyman,12/6/1690,Dorset
906,0,0,Dubois,Brent,17/2/1729,Shropshire
907,0,0,Clifton,Elenora,4/9/1745,Bedfordshire
908,0,0,Yeadon,Carline,28/6/1792,County Fermanagh
909,0,0,Arrowsmith,Tera,1/8/1740,Nairn
910,0,0,Mccormick,Rey,19/8/1770,Greater Manchester
911,0,0,Glew,Shelby,3/2/1848,Bedfordshire
912,0,0,Sweeting,Greta,14/9/1495,Essex
913,0,0,Joyce,Bertha,7/6/1853,Renfrewshire
914,0,0,Feetham,Bradly,4/5/1887,Cornwall
915,0,0,Evenden,Saundra,18/4/1766,Lanarkshire
916,0,0,Lambton,Denver,4/1/1604,West Sussex
917,0,0,Weir,Goldie,22/11/1650,Gloucestershire
918,0,0,Loftus,Cayla,11/11/1976,Herefordshire
919,0,0,Kenley,Jerrell,2/9/1796,Tyne and Wear
920,0,0,Copland,Collette,17/8/1770,Clwyd
921,0,0,Lowdon,Gerald,9/12/1750,Nairn
922,0,0,Ormiston,Tonita,2/11/1893,West Yorkshire
923,0,0,Loftus,Stephen,7/6/1971,Aberdeenshire
924,0,0,Cracknell,Dimple,18/9/1536,Nottinghamshire
925,0,0,Vickers,Bradly,31/3/1753,Tyne and Wear
926,0,0,Leggett,Lakisha,18/9/1650,South Yorkshire
927,0,0,Riddle,Saundra,3/12/1643,West Midlands
928,0,0,Partlett,Deandre,2/2/1712,Roxburgh Ettrick and Lauderdale
929,0,0,Penney,Ollie,23/11/1774,Gwent
930,0,0,Donkin,Raisa,22/10/1745,County Derry
931,0,0,Conneely,Matt,8/11/1595,Orkney
932,0,0,Lowes,Garnet,6/2/1411,County Armagh
933,0,0,Noyes,Deane,20/1/1722,Dyfed
934,0,0,Ronald,Tanner,15/7/1809,Hampshire
935,0,0,Leadley,Trisha,24/7/1707,Northamptonshire
936,0,0,Noyes,Burma,23/5/1761,Gwynedd
937,0,0,Houlton,Nestor,27/10/1745,Ayrshire and Arran
938,0,0,Weeks,Karine,18/7/1789,Ross and Cromarty
939,0,0,Eddison,Sheilah,9/1/1824,Isle of Man
940,0,0,Hand,Tonita,7/4/1772,County Tyrone
941,0,0,Mellor,Ethan,8/4/1763,Orkney
942,0,0,Cormack,Dwain,27/5/1865,North Yorkshire
943,0,915,Jefferson,Kraig,23/5/1800,Shropshire
944,0,0,Wray,Adriane,8/5/1716,Gloucestershire
945,0,0,Meredith,Karine,5/4/1730,Stirling and Falkirk
946,0,0,Tombs,Abraham,19/4/1981,City of Dundee
947,0,0,Aubrey,Garnet,20/5/1879,Argyll and Bute
948,0,0,Towle,Peter,1/6/1433,Cheshire
949,0,0,Mccormick,Delcie,6/8/1731,Greater Manchester
950,0,0,Airey,Denyse,11/7/1647,Stirling and Falkirk
951,0,0,Watts,Rory,9/2/1627,Renfrewshire
952,0,0,Edmonds,Saundra,26/9/1728,County Armagh
953,0,0,Martins,Robert,13/7/1417,West Midlands
954,0,0,Biggs,Camelia,7/12/1913,County Tyrone
955,0,0,Luscombe,Soledad,22/9/1915,Essex
956,0,0,Westgate,Anika,9/10/1575,Wigtown
957,0,0,Gibbons,Gertrud,27/11/1807,Greater Manchester
958,0,0,Watters,Emilia,13/1/1675,Northamptonshire
959,0,0,Jordon,Aisha,4/4/1776,Mid Glamorgan
960,0,0,Ellam,Abdul,1/4/1705,Clwyd
961,0,0,Goldman,Lynette,6/10/1595,Devon
962,0,0,Painter,Earle,25/2/1780,County Derry
963,0,0,Panesar,Sol,14/8/1827,Berkshire
964,0,0,Pinsmail,Antione,28/4/1841,West Yorkshire
965,0,0,Ronald,Marisha,18/10/1778,The Stewartry of Kirkcudbright
966,0,0,Kilburn,Rosario,6/11/1664,Merseyside
967,0,0,Corbett,Brice,18/1/1505,County Derry
968,0,0,Underhill,Goldie,14/8/1809,Wigtown
969,0,0,Robotham,Elmer,4/2/1789,Worcestershire
970,0,0,Reyes,Celine,16/4/1546,Suffolk
971,0,0,Elliott,Luis,29/12/1778,Bedfordshire
972,0,0,Dack,Tiffany,1/12/1613,Cumbria
973,0,0,Eaves,Marci,10/7/1644,West Glamorgan
974,0,0,Potts,Gaston,15/7/1682,Nairn
975,0,0,Pole,Bronwyn,31/10/1727,South Yorkshire
976,0,0,Upton,Ezekiel,11/5/1679,Caithness
977,0,0,Orman,Michael,15/2/1675,Buckinghamshire
978,0,0,Watts,Donovan,20/8/1620,Warwickshire
979,0,0,Tappin,Bertha,10/2/1592,Devon
980,0,0,Liddell,Delcie,5/2/1741,Fife
981,0,0,Ludgrove,Burl,18/10/1779,Lancashire
982,0,0,Deverell,Gia,17/9/1761,Herefordshire
983,0,0,Devon,Herb,9/10/1660,Caithness
984,0,0,Rhoades,Edmond,8/3/1728,Suffolk
985,0,0,Palmer,Rey,8/2/1831,Renfrewshire
986,0,0,Halliwell,Buena,20/9/1620,Gloucestershire
987,0,0,Caldwell,Shirlene,27/1/1758,Suffolk
988,0,0,Rowley,Ocie,14/5/1821,Clackmannan
989,0,0,Phelps,Elliot,11/6/1511,Angus
990,0,0,Ramsden,Faustino,12/3/1790,Berwickshire
991,0,0,Corbett,Dewayne,11/12/1501,County Derry
992,0,0,Jakeman,Kathie,17/5/1560,Bedfordshire
993,0,0,Dutt,Roderick,19/2/1689,Staffordshire
994,0,0,Lewis,Jadwiga,27/10/1803,Suffolk
995,0,0,Poulton,Charley,10/8/1682,Isle of Man
996,0,0,Routledge,Cayla,27/7/1823,Cumbria
997,0,0,Trinder,Marci,11/8/1730,Cambridgeshire
998,0,0,Ashby,Leland,1/10/1854,Roxburgh Ettrick and Lauderdale
999,0,0,Hatton,Ka,19/7/1766,Berwickshire
1000,0,0,Rennie,Trudi,24/6/1699,Dunbartonshire
